<?xml version="1.0" encoding="utf-8" standalone="yes" ?>
<Window>
  <Font name="微软雅黑" size="12" id="12" />
  <Font name="微软雅黑" size="12" id="bold_12" bold="true" />
  <Font name="微软雅黑" size="12" id="underline_12" underline="true"/>
  <Font name="微软雅黑" size="12" id="strikeout_12" strikeout="true"/>
  <Font name="微软雅黑" size="14" id="default" default="true" />
  <Font name="微软雅黑" size="14" id="bold_14" bold="true" />
  <Font name="微软雅黑" size="14" id="underline_14" underline="true" />
  <Font name="微软雅黑" size="16" id="16" />
  <Font name="微软雅黑" size="16" id="bold_16" bold="true" />
  <Font name="微软雅黑" size="16" id="underline_16" underline="true"/>
  <Font name="微软雅黑" size="18" id="18" />
  <Font name="微软雅黑" size="18" id="bold_18" bold="true" />
  <Font name="微软雅黑" size="20" id="20" />
  <Font name="微软雅黑" size="22" id="22" />
  <Font name="微软雅黑" size="22" id="bold_22" bold="true" />
  <Font name="微软雅黑" size="24" id="24" />
  <Font name="微软雅黑" size="24" id="bold_24" bold="true" />
  <Font name="微软雅黑" size="28" id="28" />
  <Font name="微软雅黑" size="30" id="30" />
  <Font name="微软雅黑" size="32" id="bold_32" bold="true" />
  <Font name="微软雅黑" size="36" id="36" bold="true" />
  <Font name="微软雅黑" size="46" id="46" />
  <Font name="微软雅黑" size="48" id="48" />
  <Font name="微软雅黑" size="48" id="bold_48" bold="true" />
  <Font name="微软雅黑" size="68" id="68" />
  <Font name="微软雅黑" size="12" id="songti_12" />
  <Font name="微软雅黑" size="12" id="songti_underline_12" underline="true"/>
  <Font name="微软雅黑" size="12" id="songti_bold_12" bold="true"/>
  <Font name="arial" size="12" id="arial_12" />
  <Font name="arial" size="16" id="arial_blod_16" bold="true"/>
  <Default name="VScrollBar" value="button1normalimage=&quot;file='imgs/scroll.png' source='54,0,70,16' mask='#FFFF00FF'&quot; button1hotimage=&quot;file='imgs/scroll.png' source='54,0,70,16' mask='#FFFF00FF'&quot; button1pushedimage=&quot;file='imgs/scroll.png' source='54,0,70,16' mask='#FFFF00FF'&quot; button2normalimage=&quot;file='imgs/scroll.png' source='54,18,70,34' mask='#FFFF00FF'&quot; button2hotimage=&quot;file='imgs/imgs/scroll.png' source='54,18,70,34' mask='#FFFF00FF'&quot; button2pushedimage=&quot;file='imgs/imgs/scroll.png' source='54,18,70,34' mask='#FFFF00FF'&quot; thumbnormalimage=&quot;file='imgs/scroll_bar.png' source='0,0,8,100' corner='3,3,3,3' mask='#FFFF00FF'&quot; thumbhotimage=&quot;file='imgs/scroll_bar.png' source='0,0,8,100' corner='3,3,3,3' mask='#FFFF00FF'&quot; thumbpushedimage=&quot;file='imgs/scroll_bar.png' source='0,0,8,100' corner='3,3,3,3' mask='#FFFF00FF'&quot; thumbdisabledimage=&quot;file='file='imgs/scroll_bar.png' source='0,0,8,100' corner='3,3,3,3' mask='#FFFF00FF'&quot; " />
  <!--Default name="HScrollBar" value="button1normalimage=&quot;file='imgs/scrollbar.bmp' source='0,0,16,16' mask='#FFFF00FF'&quot; button1hotimage=&quot;file='imgs/scrollbar.bmp' source='18,0,34,16' mask='#FFFF00FF'&quot; button1pushedimage=&quot;file='imgs/scrollbar.bmp' source='36,0,52,16' mask='#FFFF00FF'&quot; button1disabledimage=&quot;file='imgs/scrollbar.bmp' source='54,0,70,16' mask='#FFFF00FF'&quot; button2normalimage=&quot;file='imgs/scrollbar.bmp' source='0,18,16,34' mask='#FFFF00FF'&quot; button2hotimage=&quot;file='imgs/scrollbar.bmp' source='18,18,34,34' mask='#FFFF00FF'&quot; button2pushedimage=&quot;file='imgs/scrollbar.bmp' source='36,18,52,34' mask='#FFFF00FF'&quot; button2disabledimage=&quot;file='imgs/scrollbar.bmp' source='54,18,70,34' mask='#FFFF00FF'&quot; thumbnormalimage=&quot;file='imgs/scrollbar.bmp' source='0,36,16,52' corner='2,2,2,2' mask='#FFFF00FF'&quot; thumbhotimage=&quot;file='imgs/scrollbar.bmp' source='18,36,34,52' corner='2,2,2,2' mask='#FFFF00FF'&quot; thumbpushedimage=&quot;file='imgs/scrollbar.bmp' source='36,36,52,52' corner='2,2,2,2' mask='#FFFF00FF'&quot; thumbdisabledimage=&quot;file='imgs/scrollbar.bmp' source='54,36,70,52' corner='2,2,2,2' mask='#FFFF00FF'&quot; railnormalimage=&quot;file='imgs/scrollbar.bmp' source='0,54,16,70' corner='2,2,2,2' mask='#FFFF00FF'&quot; railhotimage=&quot;file='imgs/scrollbar.bmp' source='18,54,34,70' corner='2,2,2,2' mask='#FFFF00FF'&quot; railpushedimage=&quot;file='imgs/scrollbar.bmp' source='36,54,52,70' corner='2,2,2,2' mask='#FFFF00FF'&quot; raildisabledimage=&quot;file='imgs/scrollbar.bmp' source='54,54,70,70' corner='2,2,2,2' mask='#FFFF00FF'&quot; bknormalimage=&quot;file='imgs/scrollbar.bmp' source='0,72,16,88' corner='2,2,2,2' mask='#FFFF00FF'&quot; bkhotimage=&quot;file='imgs/scrollbar.bmp' source='18,72,34,88' corner='2,2,2,2' mask='#FFFF00FF'&quot; bkpushedimage=&quot;file='imgs/scrollbar.bmp' source='36,72,52,88' corner='2,2,2,2' mask='#FFFF00FF'&quot; bkdisabledimage=&quot;file='imgs/scrollbar.bmp' source='54,72,70,88' corner='2,2,2,2' mask='#FFFF00FF'&quot; " /-->
  <Default name="Button" value="normalimage=&quot;file='btns/common_btn.png' source='0,0,142,42' corner='3,3,3,3'&quot; hotimage=&quot;file='btns/common_btn.png' source='142,0,284,42' corner='3,3,3,3'&quot;
          pushedimage=&quot;file='btns/common_btn.png' source='284,0,426,42' corner='3,3,3,3'&quot; textcolor='#000000'" />
  <Default name="CheckBox" value="normalimage=&quot;file='btns/checkbox_list_bg.png' source='14,0,28,14'&quot; selectedimage=&quot;file='btns/checkbox_list.png' source='0,0,14,14'&quot; disabledimage=&quot;file='btns/checkbox_list_bg.png' source='42,0,56,14'&quot;"/>
  <Default name="Label" value="textcolor=&quot;#656565&quot; align=&quot;center&quot; endellipsis=&quot;true&quot;"/>
  <Default name="VerticalLayout" value="childalign=&quot;center&quot; childvalign=&quot;vcenter&quot;"/>
  <Default name="HorizontalLayout" value="childalign=&quot;center&quot; childvalign=&quot;vcenter&quot;"/>
  <Default name="Text" value="endellipsis=&quot;true&quot; valign=&quot;vcenter&quot;"/>
  <Default name="List" value="vscrollbar=&quot;true&quot; hscrollbar=&quot;true&quot; headerbkimage=&quot; file='imgs/list_header_bg.png'&quot; bordersize=&quot;1&quot; bordercolor=&quot;#bcbcbc&quot; "/>
  <Default name="ListHeaderItem" value="hotimage=&quot;file='imgs/list_header_hot.png'&quot; pushedimage=&quot;file='imgs/list_header_pushed.png'&quot; sepimage=&quot;file='imgs/list_header_sep.png'&quot;sepwidth='1'" />
  <Default name="Combo" value="normalimage=&quot;file='imgs/Combo_nor.png' corner='2,2,30,2'&quot; hotimage=&quot;file='imgs/Combo_over.png' corner='2,2,30,2'&quot;
          pushedimage=&quot;file='imgs/Combo_over.png' corner='2,2,30,2''&quot; textcolor='#000000' textpadding=&quot;1,1,1,1&quot; " />
</Window>
