<?xml version="1.0" encoding="utf-8"?>
<resources>
  <string name="app_name">Batch Unlock Tool</string>
  <!-- Account Login -->
  <string name="login_title">Sign in with your Mi Account to flash device</string>
  <string name="login_user_tips">Email/Phone/Mi Account ID</string>
  <string name="login_pwd_tips">Password</string>
  <string name="login_secure_token_tips">Enter 6-digit code generated by Mi Authenticator</string>
  <string name="login_input_verify_code_tips">Enter verification code</string>
  <string name="login">Sign in</string>
  <string name="logout_html">{u}{a}Sign out{/a}{/u}</string>
  <string name="account_register">Sign up</string>
  <string name="account_forget">Forgot password</string>
  <string name="err_user_empty">Enter account ID</string>
  <string name="err_pwd_empty">Enter password</string>
  <string name="tip_enter_verify_code">Enter Verification code</string>
  <string name="tip_enter_dynamic_token">Enter 6-digit code generated by Mi Authenticator</string>
  <string name="err_verify_code_invalid">Verification code incorrect</string>
  <string name="err_pwd_invalid">Password incorrect</string>
  <string name="err_user_not_exist">Account doesn't exist</string>
  <string name="err_login_too_fast">Too many attempts. Wait for 15 min and try again.</string>
  <string name="err_login_plus_sms_code">Add a six-digit dynamic code at the end of the login password</string>
  <string name="err_network_exception">Network error</string>
  <string name="err_login_other">Couldn't sign in</string>
  <string name="login_processing">Signing in&#8230;</string>
  <string name="logout">Sign out</string>
  <!-- net error code-->
  <string name="reading_phone_info">Reading device information...</string>
  <string name="read_phone_info_fail">Read failed, please refresh or reboot device</string>
  <string name="unlocked">Unlocked</string>
  <string name="locked">Locked</string>
  <string name="unlock_fail">Couldn't unlock</string>
  <string name="net_error">Network error</string>
  <string name="reunlock">Unlock again</string>
  <string name="unlock_success">Unlocked successfully</string>
  <string name="verifing_device">Verifying device&#8230;</string>
  <string name="unlocking">Unlocking&#8230;</string>
  <string name="unlock_finished">Done</string>
  <string name="verified_fail">Couldn't verify device</string>
  <string name="missing_phone">Not connected to Mi Phone</string>
  <string name="cannot_read_phone_info">Can't get info, connect again</string>
  <string name="account_not_bind">Current account is different from the account info on the device</string>
  <string name="already_unlocked">No need to unlock this device</string>
  <string name="unkown_error">Unknown error</string>
  <!-- edl -->
  <string name="edl_readed">Connected</string>
  <string name="edling">edl...</string>
  <string name="edl_success">edl success</string>
  <string name="edl_err">edl failed</string>
  <!-- unlock error code-->
  <string name="code_xxxxx">%d:Unknown error</string>
  <string name="code_10000">10000:Request parameter error</string>
  <string name="code_10001">10001:Signature verification failed</string>
  <string name="code_10002">10002:The same IP request too often</string>
  <string name="code_10003">10003:Internal server error</string>
  
  <string name="code_10004">10004:Request has expired</string>

  
  <string name="code_20030">You have to wait at least 30 days before unlocking a different device.</string>
  <string name="code_20031">Account isn't associated with the device.</string>
  <string name="code_20032">Couldn't generate the required signature.</string>
  <string name="code_20033">Profile photo resolution is too low or the photo is blocked.</string>
  <string name="code_20034">Can't unlock this device using current account.</string>
  <string name="code_20035">Download the latest version of Mi Unlock.</string>
  <string name="code_20036">The accoint has just been associated with the device. Wait %dh and try again.</string>
  <string name="code_20037">You reached the limit for the number of unlocked devices.</string>
  <string name="code_50001">The device does not support unlock for the time being</string>

  <!-- setting-->
  <string name="log_file_sz">(Cache size:%dM）</string>
  <string name="busy_checking_verison">Checking...</string>
  <string name="already_latest_version">(Already latest）</string>
    <!-- main frame-->
  <string name="unlock_title">Unlock Tool</string>
  <string name="edl_title">Fastboot to EDL Tool</string>
  <string name="unlock_text">Unlock(F6)</string>
  <string name="edl_text">EDL(F6)</string>
</resources>
